INSERT INTO employee (id, serial_number, first_name, last_name, birthdate, gender, address, cin_number, cin_issuance_date, cin_issuance_place, position, dependent_children, hire_date, departure_date, salary, benefits, allowances, social_security_contributions, taxable_income, tax_rate, net_income, cnaps, photo)
VALUES
(1, 'EMP-2021-01-10-00001', 'John', 'Doe', '1990-05-15', 'MALE', '123 Main Street', '123456789012', '2005-08-23', 'City A', 'Manager', 2, '2021-01-10', NULL, 50000.0, 5000.0, 2000.0, 1000.0, 47000.0, 0.1, 42300.0, 'CNAPS-001-23456', NULL),
(2, 'EMP-2020-03-05-00002', 'Jane', 'Smith', '1988-11-22', 'FEMALE', '456 Maple Avenue', '234567890123', '2003-04-17', 'City B', 'Engineer', 1, '2020-03-05', NULL, 45000.0, 4000.0, 1500.0, 900.0, 40000.0, 0.12, 35200.0, 'CNAPS-002-34567', NULL),
(3, 'EMP-2019-02-15-00003', 'Michael', 'Johnson', '1985-09-30', 'MALE', '789 Oak Lane', '345678901234', '2010-12-08', 'City C', 'Supervisor', 0, '2019-02-15', NULL, 60000.0, 5500.0, 1800.0, 1200.0, 55500.0, 0.15, 47175.0, 'CNAPS-003-45678', NULL),
(4, 'EMP-2022-04-20-00004', 'Emily', 'Williams', '1992-07-12', 'FEMALE', '234 Elm Street', '456789012345', '2007-05-13', 'City D', 'Analyst', 1, '2022-04-20', NULL, 40000.0, 3500.0, 1200.0, 800.0, 37000.0, 0.08, 34040.0, 'CNAPS-004-56789', NULL),
(5, 'EMP-2023-05-30-00005', 'David', 'Brown', '1982-04-08', 'MALE', '789 Pine Road', '567890123456', '2012-09-25', 'City E', 'Technician', 3, '2023-05-30', NULL, 42000.0, 3800.0, 1300.0, 850.0, 38450.0, 0.09, 35095.0, 'CNAPS-005-67890', NULL),
(6, 'EMP-2022-09-12-00006', 'Sarah', 'Miller', '1998-02-18', 'FEMALE', '345 Cedar Avenue', '678901234567', '2004-03-19', 'City F', 'Assistant', 0, '2022-09-12', NULL, 35000.0, 3000.0, 1000.0, 700.0, 32300.0, 0.06, 30322.0, 'CNAPS-006-78901', NULL),
(7, 'EMP-2021-11-05-00007', 'Christopher', 'Anderson', '1987-06-03', 'MALE', '123 Birch Lane', '789012345678', '2011-10-14', 'City G', 'Engineer', 2, '2021-11-05', NULL, 55000.0, 4800.0, 1600.0, 1000.0, 50600.0, 0.11, 45006.0, 'CNAPS-007-89012', NULL),
(8, 'EMP-2020-12-02-00008', 'Jessica', 'Wilson', '1995-03-27', 'FEMALE', '456 Oak Street', '890123456789', '2015-01-22', 'City H', 'Technician', 1, '2020-12-02', NULL, 40000.0, 3500.0, 1200.0, 800.0, 36700.0, 0.08, 33764.0, 'CNAPS-008-90123', NULL),
(9, 'EMP-2022-06-18-00009', 'Matthew', 'Taylor', '1990-08-10', 'MALE', '789 Maple Avenue', '901234567890', '2008-06-12', 'City I', 'Analyst', 0, '2022-06-18', NULL, 38000.0, 3300.0, 1100.0, 750.0, 34850.0, 0.07, 32300.0, 'CNAPS-009-01234', NULL),
(10, 'EMP-2022-08-03-00010', 'Amanda', 'Harris', '1994-12-25', 'FEMALE', '234 Pine Road', '012345678901', '2013-05-29', 'City J', 'Assistant', 0, '2022-08-03', NULL, 32000.0, 2800.0, 900.0, 600.0, 29300.0, 0.05, 27835.0, 'CNAPS-010-12345', NULL),
(11, 'EMP-2021-06-14-00011', 'Daniel', 'Jackson', '1984-10-20', 'MALE', '345 Cedar Lane', '123456789013', '2006-02-05', 'City K', 'Manager', 2, '2021-06-14', NULL, 60000.0, 5500.0, 1800.0, 1200.0, 55500.0, 0.15, 47175.0, 'CNAPS-011-23456', NULL),
(12, 'EMP-2020-12-20-00012', 'Melissa', 'Thomas', '1991-09-05', 'FEMALE', '456 Oak Lane', '234567890127', '2009-09-15', 'City L', 'Engineer', 1, '2020-12-20', NULL, 45000.0, 4000.0, 1500.0, 900.0, 40000.0, 0.12, 35200.0, 'CNAPS-012-34567', NULL),
(13, 'EMP-2019-11-05-00013', 'Andrew', 'Robinson', '1986-05-13', 'MALE', '789 Elm Street', '345678901232', '2012-01-25', 'City M', 'Supervisor', 1, '2019-11-05', NULL, 48000.0, 4500.0, 1600.0, 1100.0, 43800.0, 0.1, 39420.0, 'CNAPS-013-45678', NULL),
(14, 'EMP-2022-02-10-00014', 'Laura', 'Lee', '1999-03-01', 'FEMALE', '123 Birch Lane', '456789012342', '2005-04-02', 'City N', 'Analyst', 0, '2022-02-10', NULL, 38000.0, 3300.0, 1100.0, 750.0, 34850.0, 0.07, 32300.0, 'CNAPS-014-56789', NULL),
(15, 'EMP-2021-10-15-00015', 'James', 'Garcia', '1983-07-27', 'MALE', '789 Maple Avenue', '567890123432', '2011-06-05', 'City O', 'Technician', 2, '2021-10-15', NULL, 42000.0, 3800.0, 1300.0, 850.0, 38450.0, 0.09, 35095.0, 'CNAPS-015-67890', NULL),
(16, 'EMP-2020-09-08-00016', 'Michelle', 'Martinez', '1996-02-15', 'FEMALE', '234 Pine Road', '678901234564', '2016-07-22', 'City P', 'Assistant', 0, '2020-09-08', NULL, 35000.0, 3000.0, 1000.0, 700.0, 32300.0, 0.06, 30322.0, 'CNAPS-016-78901', NULL),
(17, 'EMP-2021-07-30-00017', 'Ryan', 'Lopez', '1988-11-10', 'MALE', '345 Cedar Lane', '789012345672', '2013-02-19', 'City Q', 'Engineer', 1, '2021-07-30', NULL, 50000.0, 5000.0, 2000.0, 1000.0, 47000.0, 0.1, 42300.0, 'CNAPS-017-90123', NULL),
(18, 'EMP-2020-05-14-00018', 'Emilie', 'Gonzalez', '1993-08-05', 'FEMALE', '456 Oak Street', '890123456783', '2008-04-28', 'City R', 'Supervisor', 2, '2020-05-14', NULL, 55000.0, 4800.0, 1600.0, 1000.0, 50600.0, 0.11, 45006.0, 'CNAPS-018-01234', NULL),
(19, 'EMP-2022-03-25-00019', 'Dany', 'Rodriguez', '1997-01-02', 'MALE', '789 Elm Street', '901234567899', '2017-08-11', 'City S', 'Technician', 1, '2022-03-25', NULL, 40000.0, 3500.0, 1200.0, 800.0, 36700.0, 0.08, 33764.0, 'CNAPS-019-12345', NULL),
(20, 'EMP-2021-09-20-00020', 'Sophia', 'Perez', '1981-06-14', 'FEMALE', '123 Birch Lane', '012345678932', '2004-09-29', 'City T', 'Manager', 3, '2021-09-20', NULL, 60000.0, 5500.0, 1800.0, 1200.0, 55500.0, 0.15, 47175.0, 'CNAPS-020-23456', NULL);

INSERT INTO employee_phone_numbers (employee_id, phone_numbers)
VALUES
(1, '+261 33 12 345 67'),
(2, '+261 32 98 765 43'),
(3, '+261 34 56 789 01'),
(4, '+261 33 21 543 87'),
(5, '+261 33 76 543 21'),
(6, '+261 34 98 765 12'),
(7, '+261 32 65 432 98'),
(8, '+261 34 73 543 21'),
(9, '+261 32 76 109 87'),
(10, '+261 33 54 321 87'),
(11, '+261 32 12 345 67'),
(12, '+261 33 87 654 21'),
(13, '+261 34 98 123 45'),
(14, '+261 33 77 543 21'),
(15, '+261 32 24 345 67'),
(16, '+261 33 52 321 87'),
(17, '+261 34 32 109 87'),
(18, '+261 32 72 543 21'),
(19, '+261 33 13 789 01'),
(20, '+261 34 69 432 98'),
(1, '+261 33 12 345 62'),
(2, '+261 32 98 765 39'),
(3, '+261 34 56 789 03'),
(4, '+261 33 21 543 84'),
(5, '+261 33 76 543 25'),
(6, '+261 34 98 765 16'),
(7, '+261 32 65 432 97'),
(8, '+261 34 73 543 28'),
(9, '+261 32 76 109 89'),
(10, '+261 33 54 321 81'),
(11, '+261 32 12 345 62'),
(12, '+261 33 87 654 23'),
(13, '+261 34 98 123 48'),
(14, '+261 33 77 543 25'),
(15, '+261 32 24 345 66'),
(16, '+261 33 52 321 88'),
(17, '+261 34 32 109 89'),
(18, '+261 32 72 543 22'),
(19, '+261 33 13 789 04'),
(20, '+261 34 69 432 91');

INSERT INTO employee_emails (employee_id, emails)
VALUES
(1, 'john@gmail.com'),
(2, 'jane@gmail.com'),
(3, 'michael@gmail.com'),
(4, 'emily@gmail.com'),
(5, 'david@gmail.com'),
(6, 'sarah@gmail.com'),
(7, 'christopher@tgmail.com'),
(8, 'jessica@gmail.com'),
(9, 'matthew@gmail.com'),
(10, 'amanda@gmail.com'),
(11, 'daniel@gmail.com'),
(12, 'melissa@gmail.com'),
(13, 'andrew@gmail.com'),
(14, 'laura@gmail.com'),
(15, 'james@gmail.com'),
(16, 'michelle@gmail.com'),
(17, 'ryan@gmail.com'),
(18, 'emilie@gmail.com'),
(19, 'dany@gmail.com'),
(20, 'sofia@gmail.com'),
(1, 'john@techsolutions.com'),
(2, 'jane@techsolutions.com'),
(3, 'michael@techsolutions.com'),
(4, 'emily@techsolutions.com'),
(5, 'david@techsolutions.com'),
(6, 'sarah@techsolutions.com'),
(7, 'christopher@techsolutions.com'),
(8, 'jessica@techsolutions.com'),
(9, 'matthew@techsolutions.com'),
(10, 'amanda@techsolutions.com'),
(11, 'daniel@techsolutions.com'),
(12, 'melissa@techsolutions.com'),
(13, 'andrew@techsolutions.com'),
(14, 'laura@techsolutions.com'),
(15, 'james@techsolutions.com'),
(16, 'michelle@techsolutions.com'),
(17, 'ryan@techsolutions.com'),
(18, 'emilie@techsolutions.com'),
(19, 'dany@techsolutions.com'),
(20, 'sofia@techsolutions.com');